,A,B,C,D
2000-01-01,-0.573440650816075,-0.6632634285722385,0.5901712888378575,1.771107871976988
2000-01-02,-2.203635637518998,-0.27844630947550925,2.4951120324204297,2.199760112870139
2000-01-03,-2.003195668512222,-1.0304381672237617,1.2108908249825794,1.6133835040300477
2000-01-04,-4.706718290920142,-0.2706319635614959,1.0827673584894848,1.2951006834780134
2000-01-05,-2.91535613355036,-0.1259415412845062,1.3416803723068462,2.4852543170004604
2000-01-06,-3.6616877106106274,-0.09332852382274948,-1.1987801954797817,3.243036984360031
2000-01-07,-3.649906874632082,1.2448718062053366,-1.2548113633289597,3.583320060653207
2000-01-08,-3.8028683442862046,0.2022509592962325,-0.7598717256532066,4.433288745449302
2000-01-09,-1.08160246441411,1.8229392439601075,-0.9182395915388257,5.023312384138805
2000-01-10,-3.245055009534472,2.5023705580452718,-0.8050126757368408,6.235134328535565
2000-01-11,-1.9090127774188506,2.9203772369783194,-0.4476723739516713,6.336891087340455
2000-01-12,-1.986399182995494,0.5687614626384501,0.16059113247370965,8.507608496084284
2000-01-13,-2.413380457296189,0.9867187686004131,0.6915398725519364,7.762075691129009
2000-01-14,-1.487691568718153,1.7060230026068175,1.2153034483217038,8.07239261721336
2000-01-15,-2.4709988284762443,2.024457018086047,1.6127331916869716,8.774001530683337
2000-01-16,-1.280485870507088,0.7997240297369677,1.2693075642830198,8.693539035205074
2000-01-17,0.5124653092552369,0.979580436775872,1.5481764573536154,8.92231088021085
2000-01-18,0.7849248423475834,1.346432245068916,3.0795387855835648,8.10086006456182
2000-01-19,0.8830008417130991,0.8502275306489606,3.2955816000405025,6.438619382970865
2000-01-20,1.2516774297904822,-0.7459029948490312,0.5503441721803082,6.879184378543457
2000-01-21,1.4931987007609426,-0.44446355892987655,2.083570699520357,7.164700058362768
2000-01-22,1.5692288508341543,-0.3959608359582452,2.9240817526246836,8.82696858952871
2000-01-23,1.067455199024471,0.1943019929715311,4.139620173742996,9.35316956829556
2000-01-24,1.8939643263664285,-0.38645731839694736,3.5203074385274684,9.112170468836375
2000-01-25,0.7388472215139734,-1.5488540637994466,4.200975645893726,9.749453780191342
2000-01-26,0.4684213971876046,-1.7172988625485412,6.071541141417249,10.343790580366079
2000-01-27,0.3844906738466514,-1.3345511711817497,5.319525180059994,10.881750898300023
2000-01-28,0.09078853287457811,-1.1546086721312014,5.821261387337463,10.831521056008404
2000-01-29,-0.5272417459337136,-0.16424931524066488,7.107818388677645,10.732699614861268
2000-01-30,-1.0873573714435674,0.08773228643694553,5.6973780282276625,11.355786717700044
2000-01-31,-1.077782580052626,-0.190688231477449,6.208918367180388,12.77293023263154
2000-02-01,-0.30565241187637104,0.6791772832296772,7.320136189635396,13.302652327928307
2000-02-02,1.7352878826307756,-0.19071228390634964,7.594051665933796,13.821824856043365
2000-02-03,1.796248586399015,0.7937546414758107,8.089038012094182,12.821929341524353
2000-02-04,0.5563625724402372,1.4089390704391573,8.029276450264133,12.8840465727367
2000-02-05,-0.15555335650055824,2.202718521530517,8.969477049131678,12.666708344713467
2000-02-06,-0.10706517767709839,1.715237561111278,8.957556924223953,10.928961352188367
2000-02-07,-1.1593722243361404,2.002037029178666,10.80920545460546,11.406730775697495
2000-02-08,-1.4010654601364836,1.5345377401845752,8.479245833275337,11.55675895363981
2000-02-09,-1.9787050792764918,1.3060407013353195,7.787387409931119,11.49115607711151
2000-02-10,0.2980887911576757,0.7135493191662962,7.911811881845733,10.17123707121342
2000-02-11,1.459668424383948,0.420789144181629,5.958107282660604,9.792720767480285
2000-02-12,1.863863408371688,0.3591667021764543,7.139702109541886,9.347548202194972
2000-02-13,2.6333428951337936,-1.4172325891097026,7.4085783263755145,10.289763083793302
2000-02-14,2.357154529200003,0.0854785270638796,7.7245344055737535,8.831806535850328
2000-02-15,0.5309487627549645,0.5261370045044685,7.585278399406147,8.997916834984588
2000-02-16,0.8236745825646659,-0.30360419583749065,7.869841304238815,9.827053703809641
2000-02-17,0.8825781232241467,-0.6502726742413227,8.162917523539416,8.291073570115964
2000-02-18,1.5026079781140356,0.4391053110578067,9.048629315646362,7.596592741614871
2000-02-19,2.4702133046934494,1.0428837167421634,7.954552568838473,5.072588281357559
2000-02-20,0.05340457450744118,1.5000676181082007,8.259561288798974,5.163160549997859
2000-02-21,-0.17518044195122215,0.7968008227395856,10.781405082034784,5.010588270162483
2000-02-22,-0.9389041302259798,0.5922156469054343,10.33566965489109,5.47293892439462
2000-02-23,-1.4890106225596529,-0.5915039016843615,10.27505789819698,4.466574354974717
2000-02-24,-0.7309080610016123,0.2507037564496577,9.551370182329057,5.3363404094237765
2000-02-25,-1.0672754494475452,0.04488335633938689,9.086407213104117,7.450975145498784
2000-02-26,-2.225654955684159,0.09115857637302541,8.708880719192722,7.873395302451442
2000-02-27,-2.365046262708697,-0.3305956863545496,9.369839690204019,7.411047719831954
2000-02-28,-1.0991794831862358,-1.1506107733669144,10.657827451006254,6.369699081980022
2000-02-29,-0.4508061193914523,-1.4742734246608253,9.584928307963617,6.905393497193053
2000-03-01,-2.362175795425141,-2.3493960515442467,10.587492733297307,7.315985807415443
2000-03-02,-0.8007204565698869,-2.9453764821426907,9.85880199683291,8.620860107967047
2000-03-03,-0.7823303651374174,-3.668810886725758,10.793338045303608,8.482189813562387
2000-03-04,0.3530364132109831,-3.9361355085170544,10.32540444819021,8.318653733521494
2000-03-05,1.149401855035103,-4.401836393837095,10.019381204159174,8.11355989134256
2000-03-06,2.1842561920661163,-3.5740090838034604,11.223908216574504,7.211738615619138
2000-03-07,1.5332493513266532,-4.974359957869714,11.353918597704318,6.754289860333438
2000-03-08,2.7057695653296623,-4.369690376732018,11.555658392261186,8.655286556904292
2000-03-09,2.4766675227686257,-4.038948402810307,11.680230248340163,10.339455868035929
2000-03-10,1.4840060279831393,-4.827496816879373,11.73565013834351,10.061117583361073
2000-03-11,2.885338192970071,-3.9030522093826363,11.568571511100458,11.37476370943134
2000-03-12,3.731664700336348,-3.485910655037169,10.899024247940483,11.863354535812487
2000-03-13,4.359583440804533,-3.5421122109031296,11.443391248471624,12.501686562892314
2000-03-14,5.914177441750324,-4.626629060463441,10.505970343938394,11.388476128148909
2000-03-15,6.302337146343846,-4.012605783152058,10.313845076823323,11.035602554189014
2000-03-16,6.7912790703761186,-4.567578713868088,11.117618701883385,12.429405095191006
2000-03-17,6.999108022981048,-3.087066835597391,11.203968885674552,13.265775564610795
2000-03-18,6.225788346089883,-2.7768799152013766,10.424634609417355,13.182164610489801
2000-03-19,6.323147671187942,-3.4510010482745415,9.1598390062454,12.436968829918206
2000-03-20,6.537784654093459,-5.117351000777063,8.580567885121852,15.093959350947369
2000-03-21,5.938004812649321,-5.8964406766465824,8.617349485026638,15.211907324226576
2000-03-22,5.9326312583556575,-6.4186403069584586,7.635543811672895,16.155827103850967
2000-03-23,8.121843928607783,-8.145991903182184,8.098356267592752,15.59303801351955
2000-03-24,6.945721730648053,-7.80057621588975,10.468101966920514,15.373824516537065
2000-03-25,6.983169149966153,-7.279929902748129,10.735797041949555,14.825592602384955
2000-03-26,8.11923433226501,-8.428328606909561,9.450180306486846,14.733746340991496
2000-03-27,8.326340478129174,-8.476681387554422,9.911184644586108,14.064199427113522
2000-03-28,7.810850407354592,-9.301938557354829,10.320670177365418,16.018632888322
2000-03-29,7.324524809267873,-9.81124699562507,10.492031753881568,15.231369114900382
2000-03-30,7.418879996645973,-10.91698481101487,9.362530104498534,14.812862257734214
2000-03-31,7.524538838619938,-11.264669042856513,8.106688382840659,14.558754691612467
2000-04-01,7.5821330705329455,-11.633353872841068,8.677900705591579,15.227476549313007
2000-04-02,7.006749284124056,-13.622152765050522,8.44213069415715,13.16375328337484
2000-04-03,6.476173520301231,-13.492290449371382,7.956847169346336,14.216834635267638
2000-04-04,6.377800078096788,-15.58087942913068,8.589220695633815,14.97846689420416
2000-04-05,7.219549764429399,-15.908458710018845,7.958434107870811,14.019848211279548
2000-04-06,9.095727906350536,-16.44244253071067,6.836878632778446,14.277786723544239
2000-04-07,7.305836090934312,-16.38963156812704,6.780201439591384,15.17843394068939
2000-04-08,8.369721701274955,-17.358528007926537,7.099380401202717,15.311685216210915
2000-04-09,10.209755731307132,-16.97426981679766,7.097761348379454,15.141416112004933
2000-04-10,8.556275738133259,-16.747236759880288,4.617998712762471,14.249842078663427
2000-04-11,8.271966804468233,-16.639278433953884,4.2314626720009505,13.941610702946813
2000-04-12,6.6666832532197375,-15.961625744229915,3.5324284597226763,13.725729269355538
2000-04-13,6.8370347242310165,-14.07954922465029,3.189482140481809,14.421587927287643
2000-04-14,6.909634328318216,-13.477991281854385,2.7850050206000283,15.092507109864055
2000-04-15,6.785118673243956,-14.353107838873505,2.9891919420955237,16.115339539384692
2000-04-16,7.239271769221044,-13.333386460830763,2.4965884872114925,17.577476605823986
2000-04-17,7.421978061190633,-12.977691738962903,3.507365162728033,17.189043025392046
2000-04-18,7.322628356843488,-13.643930652653957,3.5834023452489845,17.01137773695954
2000-04-19,7.0445556224132515,-12.956130720828932,3.899665410949231,17.91046758846948
2000-04-20,5.833134115810684,-12.443667871079592,4.870169314722765,18.605238005162953
2000-04-21,5.63129332140254,-14.070828803120556,4.772226167395892,18.065425654312723
2000-04-22,4.153112446392223,-14.829942858624625,5.090893727631803,17.195847322648465
2000-04-23,4.99443214333309,-14.650583816601822,4.852034879388462,16.982681383062687
2000-04-24,5.16248190234039,-15.941093472735904,4.685201027107608,17.111944975669378
2000-04-25,5.735415657383965,-16.775833923871623,3.785440918950956,17.1883793277048
2000-04-26,7.523886075673275,-17.208183156686943,4.187813249430776,15.030426823965817
2000-04-27,6.4206249899792835,-18.069334810737633,4.124098400129669,14.894347376183696
2000-04-28,4.126649968796297,-18.243682660525536,3.9971827740423787,15.568987752103334
2000-04-29,3.612536323625195,-19.43143924201036,1.6909924236828155,15.710448449989299
2000-04-30,3.331557197430966,-20.480095219709874,1.0970693993360614,16.538654963884813
2000-05-01,4.720935355173275,-21.676801750594382,-0.323698953569594,15.874988412372637
2000-05-02,5.3012741879590966,-21.934243077427084,-0.14473057171658357,16.709886692454273
2000-05-03,5.4474566210167055,-20.642880342904945,0.9667844014543941,16.963584464104866
2000-05-04,6.047263859636599,-19.921738705448096,0.25892680339186236,17.36813316733734
2000-05-05,6.886192727775621,-19.031907425785615,-0.7843913304450725,18.564754441847278
2000-05-06,7.433885737312172,-19.17141563991131,-1.4357475224404939,18.598686495033014
2000-05-07,7.651886705155467,-18.379130490309144,-3.554568908952189,19.873230226330193
2000-05-08,8.832525373545163,-18.2491171174568,-3.9390832043800446,19.787573821127307
2000-05-09,9.428994286321615,-18.82718609577337,-5.1293166521012115,19.23509066038725
2000-05-10,9.80809410473672,-18.822969441255516,-4.471255572383164,18.892567668294824
2000-05-11,10.084200488269012,-17.861040694575372,-3.245316997505689,19.377896530789446
2000-05-12,10.41769558715999,-18.382669456847637,-4.132989559894706,20.588220503925207
2000-05-13,12.284223789685726,-19.982774560089343,-1.6751008392382642,21.428169452070627
2000-05-14,11.476485673256999,-18.677399384486808,-2.7943267437386643,22.606635305971178
2000-05-15,12.69538621505513,-18.179320243922856,-2.273671146176365,23.23293392167318
2000-05-16,11.466480799876273,-19.34991347365684,-2.152693082432764,22.306755108283735
2000-05-17,12.579806991532061,-19.179188798931136,-2.2823627979644527,21.368723817344286
2000-05-18,12.828505867578144,-17.74312944784276,-3.4796221667728062,23.205734918247472
2000-05-19,11.515247966129603,-18.630918916072478,-4.97911996889918,22.024206034434044
2000-05-20,11.207156142212334,-17.566217997934206,-4.256912959868824,20.430182517108804
2000-05-21,11.580953627505703,-16.926420382638213,-4.812626902591315,20.788161809373406
2000-05-22,14.85785375436878,-17.301449648619524,-4.775681296049778,22.504040119366692
2000-05-23,15.505841703032957,-17.35489751788963,-4.061164216565415,22.97509874562616
2000-05-24,14.900252610358839,-17.92726294949774,-4.946240705130129,22.940844840320125
2000-05-25,13.84931236626924,-16.898451749821714,-4.331046826044647,22.644705739249467
2000-05-26,14.358059444198556,-18.211522811495502,-5.076896631045194,22.972053331579737
2000-05-27,15.906383020793559,-16.822277926797657,-5.87015374804953,22.517553350310436
2000-05-28,16.16857872669439,-16.493553007840063,-6.080201608064966,22.057999738958866
2000-05-29,15.345490846214053,-16.939934709672542,-7.605889059178625,23.172880868009862
2000-05-30,15.749076358682816,-16.671441191318017,-7.729987429709126,25.380379851336297
2000-05-31,15.986549958535516,-17.272664482577287,-7.470962149290211,28.362788492857927
2000-06-01,16.026772799858602,-16.80032404028804,-7.742305828364304,27.83551753503165
2000-06-02,17.750143071945768,-17.762929024063112,-6.490388697151133,26.51877616074094
2000-06-03,17.218888346528058,-19.209001126926065,-4.798673367031379,25.508291430003425
2000-06-04,19.564533528160943,-19.37175823621524,-4.246779234706092,25.562733974556526
2000-06-05,19.208048056638578,-18.2084698210617,-3.5134609156936554,24.91123342246755
2000-06-06,20.239191621303036,-17.07964104887852,-2.031048081624443,23.270051853908875
2000-06-07,19.601954736738527,-16.25050402067373,-3.2366354326714637,23.927404371096554
2000-06-08,19.933813372158472,-17.574438646011796,-1.819969070016062,23.406718745171617
2000-06-09,18.362487607551493,-18.174425476093667,-1.8137263322821122,23.483253980615242
2000-06-10,17.9219583122665,-18.76797356005737,-1.4045765857256645,23.125373676674762
2000-06-11,18.016017931233037,-19.32181029808819,-1.2118031167835028,23.853452480129707
2000-06-12,18.47533674008457,-19.15068447243079,0.14713036666899804,24.110252557896203
2000-06-13,16.16587505076264,-20.07429596979977,0.7078618603870245,23.55845815005317
2000-06-14,14.841219224975546,-19.567791834398765,2.2053920353235537,24.399637208231358
2000-06-15,15.951233059770868,-18.90437209484656,2.723638376282791,25.121682046490065
2000-06-16,15.539558698915677,-18.525374900334704,3.3904572396421964,22.965391056080826
2000-06-17,16.00643886863582,-18.473616067624338,3.620190564361515,23.229498457843626
2000-06-18,16.10801496761195,-18.64850829632156,2.9449291600088707,21.855366800115227
2000-06-19,18.42723970746665,-19.4404977002908,2.4665201750158507,23.929491290446716
2000-06-20,18.971755461231957,-18.76446159972976,3.6558395219737294,23.42701364239934
2000-06-21,16.24833895266399,-19.27956441718318,2.858996168461382,23.881984169366252
2000-06-22,15.944044407590814,-19.04810698858996,3.141524595078782,24.501512414830827
2000-06-23,16.741342798866924,-19.159911816295388,2.619399118753675,24.41327097615805
2000-06-24,17.9979747773273,-19.64297500716162,2.537831604181571,24.436375832908862
2000-06-25,18.71013453063597,-21.83726918943318,3.685547967473288,23.912809582743794
2000-06-26,18.430611291892273,-21.35141345489558,3.259309977088419,25.50336476170128
2000-06-27,17.41579809073763,-21.73643074528557,2.1667355951841056,27.13369869794846
2000-06-28,17.506833620901418,-22.718152213097987,0.8978564693579272,26.261197628482517
2000-06-29,17.211829836520966,-23.567687318670828,0.015104546164922295,27.261767756731935
2000-06-30,16.596418154933083,-23.034390494156103,-0.004740866124789175,27.57776107846703
2000-07-01,15.637731451185966,-24.400941095790795,0.34279928227476614,27.986409232574346
2000-07-02,17.375527386976223,-24.355866402404715,2.6819316501105313,26.051671581131203
2000-07-03,18.661681863751742,-22.573935242267133,3.289667867597932,25.500912238173
2000-07-04,19.3430314045764,-23.10636046157617,3.8406623281656262,27.14989180356915
2000-07-05,19.286634769919385,-23.967306658756396,1.7937753703602595,27.30671150918617
2000-07-06,19.675764958693122,-22.552322841932416,1.103692872061913,26.56210134735053
2000-07-07,20.146715387292538,-24.217902161536358,1.4911967562384199,25.131723900208925
2000-07-08,22.14263427500411,-23.37001349160235,1.270065100997405,24.33771221787048
2000-07-09,21.231473722435773,-24.5065192599879,1.7634924165976136,24.1265442188631
2000-07-10,18.970251087240676,-25.57666872686291,0.42477666918016377,24.4842259009962
2000-07-11,18.481272712528607,-24.72233464682121,-0.3470804522763603,24.693268838899563
2000-07-12,18.723376919868695,-22.534206760629882,1.637237704390913,24.102632752115063
2000-07-13,19.9989105832475,-22.96528921047436,1.0783002066789107,24.679596509087084
2000-07-14,19.673867965931173,-22.86234462365714,1.5182221036241905,22.510812709480103
2000-07-15,19.545997642361506,-22.197222838197984,1.894654694775245,22.631028026167897
2000-07-16,19.07031740267454,-22.970093100695422,1.1930880102581773,23.2104698966602
2000-07-17,17.43255483492477,-21.774702170111432,0.3549894053393503,22.820720299726652
2000-07-18,17.192562280524996,-20.22193540280617,0.0789840852214938,23.023350510006534
2000-07-19,17.28472394052177,-21.5762063249005,0.9307225255897031,19.242370845486068
2000-07-20,18.0813617140648,-21.976112174453068,0.05244564326381729,20.334761185471073
2000-07-21,16.26364661536503,-22.525447207328686,0.8224467909787445,19.488772073258847
2000-07-22,15.15336533869062,-24.189728950954937,0.13810799502474158,19.586565989883407
2000-07-23,14.367270793862899,-23.70206713548395,0.11120611795831428,18.39274000500754
2000-07-24,14.181033746343518,-24.609028366341036,-1.4717324474698479,18.21476777910075
2000-07-25,15.025880931719163,-25.16429773294037,-1.3749155363564782,16.36789405007959
2000-07-26,16.361998649112884,-25.107364609563184,-1.3756202967023134,16.393076860708856
2000-07-27,15.566905678497307,-26.12389767521779,0.014927086652397836,15.66879464845188
2000-07-28,14.850579065695998,-25.453395311064178,-0.0164155555535657,15.473463088502829
2000-07-29,14.971660892334496,-23.748971114618943,0.3435324004346556,15.756498531198284
2000-07-30,15.403623656173385,-24.147327967531528,0.7780844666646689,15.763727947681701
2000-07-31,14.337958042353192,-24.806959092055607,1.1410681586457445,16.359001287220504
2000-08-01,12.653148219298654,-24.791506044417158,1.6413122499145025,16.87226902313278
2000-08-02,13.339255009140084,-25.306893642348165,3.2529375472557347,16.924268533413187
2000-08-03,12.305436265838397,-25.219527220379433,3.8992195194602153,16.462549189235148
2000-08-04,12.452211463314024,-26.005147914857485,4.066249581237622,15.860959452316584
2000-08-05,11.014174433476567,-26.17714385842189,3.0437874241231087,16.066034970349556
2000-08-06,9.996399653302694,-27.019008071672424,2.0464255907847817,15.673905620240621
2000-08-07,10.538748007982846,-26.07799057066726,2.896282142170717,16.302736411736976
2000-08-08,9.284154032232317,-27.051367522389594,1.2074002663844212,15.495072362179688
2000-08-09,10.170243923066437,-27.24755775408073,3.6530465622771384,15.140431530927824
2000-08-10,11.212367747873554,-28.04157842502043,2.4960658572375904,13.916993689169093
2000-08-11,14.148131991702225,-29.154463050999045,2.577959701035573,12.99746924604335
2000-08-12,12.931531389018186,-29.767437774684595,3.111154418699867,12.638717857327098
2000-08-13,13.769527019074511,-28.92443475712781,4.589893778771678,10.9678173955276
2000-08-14,15.64073768207268,-27.630039982881645,4.94598085552025,8.47695765183662
2000-08-15,14.995480161788707,-28.0825559803054,3.867393352917949,9.735869382084452
2000-08-16,13.720162918786075,-25.72072773513117,3.9380717496219795,9.216408332022922
2000-08-17,14.20476703392029,-25.28642660268865,3.603780178550484,10.515376321466508
2000-08-18,13.276735569886359,-25.137196412071923,2.8196941769931056,10.195606124910583
2000-08-19,14.425432534405397,-26.954519437983336,1.9515419305501194,10.436435974730184
2000-08-20,14.84601981222368,-29.377553869649024,1.3772943756112759,8.414430298450899
2000-08-21,15.040712987372498,-29.606768859365584,0.8454249471816861,9.842691090952929
2000-08-22,13.76169647179244,-28.99471493203663,1.7409420811538545,11.716683630320285
2000-08-23,14.194723226435285,-27.51755107962137,1.2872783260856349,13.12762871871592
2000-08-24,15.471625959869549,-25.078625585556072,1.7429139160788665,12.580438056884539
2000-08-25,16.186034136523297,-24.662612354668013,2.299499679069904,14.104109778727008
2000-08-26,15.149226938233946,-24.592567423307027,3.6887495587870776,13.89041023063902
2000-08-27,14.089497220639258,-25.11660742826693,4.3902647842266855,15.398442934596373
2000-08-28,15.6606878502289,-24.59723198556133,3.955287978521754,15.368393455004398
2000-08-29,14.533560723550414,-24.159755653509585,3.6742606131105258,11.886732339988853
2000-08-30,15.47361834028874,-23.426298187645354,4.137952434841306,11.209005110688913
2000-08-31,16.096723887298975,-23.41491451632605,3.0586870946920133,10.060771077671749
2000-09-01,15.468497272198059,-23.832636337382738,2.6095808423826936,10.036607809281607
2000-09-02,17.721880295198556,-24.27883142110658,1.9633291323085953,9.414080795224168
2000-09-03,17.420356305553728,-23.147073180024176,1.7103568195951069,9.63670282474642
2000-09-04,16.978199860863683,-21.738873314901447,4.030736227357402,9.94160928831016
2000-09-05,15.932626735252821,-21.86141541190555,5.38526460886607,9.700595823868262
2000-09-06,18.15730144398818,-23.072935931853817,4.281416815688106,9.767365246933753
2000-09-07,17.186065513574967,-23.17645375803707,4.757896116194675,9.030640255999792
2000-09-08,16.506586178932448,-22.44949754382418,5.939182047315477,7.549619516703924
2000-09-09,15.725975891956807,-21.687137273223936,4.984739788708366,9.512922705382623
2000-09-10,14.777789089290819,-19.19332076619019,3.9281396722009614,9.582318497021433
2000-09-11,14.593422919454948,-18.38970442751377,3.293716281897548,9.93133301164888
2000-09-12,17.49589747871361,-18.4875155320443,3.769141300010557,9.502036127778487
2000-09-13,17.678527623253302,-18.80634710913807,3.1472980530110624,8.843416465058036
2000-09-14,17.009078613695845,-19.574201524373024,2.9997669267840164,9.121288286890398
2000-09-15,17.960589340924642,-20.838789493674266,1.7806721623116104,9.11330860851427
2000-09-16,17.251850934394547,-19.05650195627279,2.263308981160605,10.262721922520875
2000-09-17,17.91750398762327,-18.55363032011197,1.4263220512504513,8.964785290306708
2000-09-18,18.368547147384756,-18.62595975142858,2.1897421171653546,7.886556673697211
2000-09-19,18.56990291578364,-18.489822985675183,3.2547290850326256,8.734081885182242
2000-09-20,19.23717865321375,-18.869405972706584,4.1286889358087,7.886522121651083
2000-09-21,18.578053976506595,-17.415442610473974,4.383854408257527,6.125766862276156
2000-09-22,19.58399105276911,-18.591234345480267,4.492419446832447,4.897522167108146
2000-09-23,18.34933850113272,-18.58380347132128,4.203318323256605,6.912638542732433
2000-09-24,18.372532798984178,-16.76917910103698,5.153988561343967,4.940330427256063
2000-09-25,17.760589436243443,-15.881516038559361,5.993362029634594,5.763639344152463
2000-09-26,17.896420818771634,-15.511858084847908,6.666521472748984,5.1781180314383946
2000-09-27,20.015743048345673,-15.804950713365871,7.368974761072719,5.785405189111786
2000-09-28,20.388906847741914,-16.543735258520055,6.801348214582917,3.9889316238459536
2000-09-29,19.631734414504074,-17.874367526321404,4.894573997914988,3.740608651080232
2000-09-30,19.632883377749263,-18.4818886867042,2.8971091103535818,4.497303522381348
2000-10-01,19.03313104526769,-18.765631636972174,4.93291251916644,3.86127614494478
2000-10-02,19.65150525723048,-18.580557254581798,4.152578189330226,3.9786598956066705
2000-10-03,19.64970406680961,-19.134035288979323,5.041578019285774,2.7671725449004603
2000-10-04,19.732713588269263,-20.61211395303769,4.36773028663587,1.7236377630473079
2000-10-05,20.35919693431586,-20.897415360142347,3.857502266919513,2.3432311735061937
2000-10-06,18.714044309431905,-20.1460669003629,2.048266788704268,1.3335547339054854
2000-10-07,17.81058845345605,-19.92402153731378,2.5044523974495947,1.4290256995183739
2000-10-08,17.14791814268951,-20.25918021914943,1.9426513029255377,1.399455250968034
2000-10-09,18.231942472008893,-19.75555777060664,1.8408526941839978,0.48316878692953036
2000-10-10,18.26513242626271,-20.391968654573024,2.9128814876847846,1.5624770840960078
2000-10-11,18.759836791088674,-21.590945933150937,2.757517921950129,1.19564162854263
2000-10-12,18.24132811360084,-20.482098140680872,3.800520492069893,2.7323963563430604
2000-10-13,18.128912093062894,-19.475444640257802,3.0572441044217014,3.2474268493215805
2000-10-14,17.549302122872614,-20.103337065099463,3.1818009134098126,3.1715510887145304
2000-10-15,17.10902936882498,-18.722693703018926,2.7828388628060137,3.083490811187216
2000-10-16,15.939915831547093,-18.5093675066071,4.729476981038585,1.2363357582385879
2000-10-17,16.93110946315717,-16.943740929465744,4.199784734302732,0.10307059268482965
2000-10-18,18.327120503466514,-17.372229360005484,5.384040737600488,1.2665227181070517
2000-10-19,17.3864241966873,-18.185679282286763,6.265984191871654,2.3636966020456396
2000-10-20,18.725527232078612,-16.840797774804305,9.383052323452697,2.0035606780345425
2000-10-21,20.269907382092562,-17.48730203572898,8.783712609635069,2.4729487588183203
2000-10-22,20.640558980912953,-16.918789039694747,9.499724059256367,4.190484178432625
2000-10-23,19.966322280486153,-16.830156113844556,8.808976949854868,1.9347112902652759
2000-10-24,18.890739698366367,-16.728843831073977,8.857703548860197,1.4476664435517164
2000-10-25,18.211194930825872,-17.286278632570113,8.933569531860986,1.0120089214746395
2000-10-26,18.098654434675176,-19.51666351156485,8.542422524947755,0.8811097255246761
2000-10-27,17.876440415463964,-18.80360809766686,6.490996714717777,1.8933802627391452
2000-10-28,18.227148164197025,-19.79622010868834,6.698837776729803,1.6971643898613724
2000-10-29,18.532315722484675,-18.971324924638512,7.687685704876157,3.1570117676106535
2000-10-30,18.66724367477445,-17.283735981278276,6.858788585405725,2.8364291493801823
2000-10-31,18.892656230586823,-18.32386887781555,6.532601816807473,2.1866400288013668
2000-11-01,19.35385514174079,-18.89752154716913,6.317904048638599,1.4272082096952656
2000-11-02,20.65839197438079,-17.57513462875041,5.803789998316973,2.1229379873074965
2000-11-03,21.24131625092581,-17.15747578113924,7.389138609120627,2.1420209132430807
2000-11-04,21.180505941986777,-17.65886394913683,8.214428441315471,0.6841239605338991
2000-11-05,21.801655246520717,-16.933754303261377,9.11591169695032,-0.509134145679426
2000-11-06,20.488282566370668,-18.114630862214003,9.646471501272483,0.35046231752245127
2000-11-07,20.887265837264913,-17.81177729849388,10.689911732577773,0.5409542031460403
2000-11-08,21.05552726233712,-19.953803694015065,11.244742616428182,0.4647754779709019
2000-11-09,22.995482150906348,-20.947279552974024,12.387114257579317,0.4049878863751559
2000-11-10,23.83722584702711,-19.68429708484757,12.270929671882984,3.339114666380726
2000-11-11,23.313907805682657,-19.829256295323184,11.004786828315002,2.182565372041167
2000-11-12,23.29684723730185,-19.14173518206842,11.12620313700697,1.2432067041065773
2000-11-13,24.096961503128007,-18.47772159697959,11.457234357010337,2.2558657905398993
2000-11-14,23.74344942123518,-17.627840263325435,11.458063681204267,-0.43896499259800104
2000-11-15,23.208797978935664,-15.921565755682298,12.61013399387547,-0.928153326805679
2000-11-16,21.353952767075434,-15.803612608657401,12.462510496443535,-1.5354398232167492
2000-11-17,20.746461201847623,-14.713865034297562,12.271523941836156,-0.9843902281584425
2000-11-18,20.79978270451332,-15.925230561719495,11.608098053084834,-2.563895667149496
2000-11-19,20.789559606387705,-15.720311915040448,11.101387054531488,-2.2643480737557216
2000-11-20,20.83268987178613,-17.047130519018854,10.836315431622923,-3.0289391639155476
2000-11-21,19.94406256180423,-17.318536028612137,11.641087062693089,-2.821916360083566
2000-11-22,21.291943770426943,-17.924472783647804,12.017384295665785,-3.5622954729607024
2000-11-23,21.414248230567107,-18.091867790675053,13.142786367780484,-3.9954447629551453
2000-11-24,22.163662165271443,-15.617429652569374,12.577679583626177,-6.453825997199315
2000-11-25,21.59080682772974,-15.378699175300182,11.679175251082722,-7.257907883778919
2000-11-26,20.120550236219316,-16.828905720448386,10.838458560806771,-8.90250861119559
2000-11-27,20.513786874499726,-16.560376097572867,12.12128277994453,-8.069388243631185
2000-11-28,20.078202826989042,-14.763492592721592,12.176751761887108,-8.61767562904132
2000-11-29,21.240818778154498,-16.28378605693628,13.069104536858813,-7.870759442936443
2000-11-30,20.848326403989933,-16.37367065775778,12.721609264792374,-8.772047791854366
2000-12-01,21.87754556782632,-16.530747490443655,11.65601910105695,-7.917286912344972
2000-12-02,22.389992213868105,-18.1066513341574,12.434045635618647,-8.363623782535832
2000-12-03,22.251400903261832,-17.347818316179012,12.751459352445814,-9.0283865388955
2000-12-04,22.179326236503716,-18.04769416461572,10.767032463572725,-9.417622115517544
2000-12-05,19.938983933190624,-18.380916856421855,9.993207845846502,-8.644607046240518
2000-12-06,19.375241546923956,-16.822639521230595,10.73995465446516,-8.902482943108854
2000-12-07,19.763567583937803,-17.428716023045176,10.59300648480519,-8.84425936920346
2000-12-08,19.14210870126353,-17.152704121636596,9.164519789714296,-10.953858420043893
2000-12-09,17.415146587286618,-17.934690246450888,6.981977986299228,-10.33410204028657
2000-12-10,16.739946512275075,-18.841764058696317,6.270818595774305,-8.843262050712365
2000-12-11,16.184301879318816,-19.368098644435516,6.315513795946835,-11.199453437932757
2000-12-12,15.375942293098252,-20.265999505990507,5.371099939652289,-10.681803146229674
2000-12-13,17.301205635837572,-18.791850193990342,4.733316806112947,-10.438181602464882
2000-12-14,15.42239663309654,-19.48762159090146,5.4383564176101356,-8.278818590449694
2000-12-15,15.250076591260369,-19.723792351991317,5.000563974343051,-10.478671437220278
2000-12-16,15.68705997434113,-20.28980852414211,4.3559894090873525,-10.974185980993754
2000-12-17,16.831917089683024,-19.450244001338966,4.42942645611511,-10.293693244904532
2000-12-18,18.385371912519652,-19.41433789257606,4.884558316288796,-11.827568421790014
2000-12-19,18.440475192515926,-19.588028568776007,4.901986165779397,-11.879064240031589
2000-12-20,19.24016307739293,-20.720828999805107,3.9313734538053033,-11.503037877125669
2000-12-21,19.505982426478216,-21.026881111187386,3.0021589761523164,-12.651602112021447
2000-12-22,18.599208916709703,-19.099401559709477,5.52728009599194,-13.775369488073292
2000-12-23,18.925582631624202,-20.1471434425394,5.655905647674991,-12.124816850810525
2000-12-24,17.902235816963184,-20.771539532389586,5.135833219156675,-11.990531758772883
2000-12-25,17.310768666781353,-19.91262994323232,5.427822347281848,-12.774815839655055
2000-12-26,16.761397404484544,-18.63718777908377,5.4904394521294035,-14.066291135539176
2000-12-27,16.53090187431839,-18.12484338754688,6.238882492703204,-14.525463757804518
2000-12-28,16.741694658582126,-17.658490854997304,6.657990248653769,-16.299837746812333
2000-12-29,14.808598933499882,-18.771977933746484,5.139534836633588,-16.88317576767704
2000-12-30,14.760391031648476,-19.542716880590827,5.850049020734005,-17.153018328549706
2000-12-31,13.97514697245546,-18.694299292504088,6.904319061465747,-17.351534882737273
2001-01-01,14.313917274206013,-19.681299202224867,7.390726665256867,-18.684374922710965
2001-01-02,15.220403832334137,-19.150841514404952,7.010256088040468,-20.046806794463674
2001-01-03,16.905633535812015,-20.84743926098667,8.126744044217942,-19.808043630355122
2001-01-04,15.983367786271796,-19.91840615584992,8.545653836415891,-22.462250620294142
2001-01-05,16.044190172887962,-20.473057962005797,7.9971701920129235,-22.490948979756546
2001-01-06,15.07525266341715,-18.842242638221148,8.203092488481161,-23.7431980014323
2001-01-07,15.756612996133098,-18.753055392583892,7.961918560387316,-24.8056396193303
2001-01-08,16.00970555243706,-18.774796981084656,7.896576897301443,-25.669005356576527
2001-01-09,16.877277571107538,-20.334278988072292,8.05079665165605,-25.588866756338803
2001-01-10,17.56462961054127,-20.153843553042456,7.520123018016289,-24.206943295946132
2001-01-11,17.455851496299264,-19.39269521039869,9.055803355349187,-24.775301377266693
2001-01-12,17.897671068210077,-19.2628961181153,10.46710550778924,-25.364213585812593
2001-01-13,16.682961805085498,-18.878143398602678,10.113889525511452,-24.96914499377796
2001-01-14,17.279059777870227,-18.373654815906008,10.772594686060588,-27.140182756023663
2001-01-15,15.587266318027346,-17.63592237841376,12.620627154128105,-25.9758771111189
2001-01-16,14.04535013585116,-17.354487315769866,12.496314857928333,-25.605191424006208
2001-01-17,12.63745998091806,-17.701219678683493,11.426630078756496,-25.81418471116119
2001-01-18,11.713483950418006,-17.081015716860115,11.224019294514397,-28.145500350148595
2001-01-19,12.086285702725059,-17.139825971341683,11.658195953907686,-26.989299422406607
2001-01-20,12.043352880889,-16.174423393439994,11.41901025629337,-27.64737867277048
2001-01-21,12.230860667315289,-15.5616086529241,12.205779310230868,-27.633044801888797
2001-01-22,12.27245640349386,-18.541247153917986,13.090857298176752,-26.98813080231504
2001-01-23,12.187241704633797,-18.6021708785965,13.451854479252995,-27.99920317408178
2001-01-24,11.33989711895872,-17.926012910672597,13.58809626685422,-26.944027934101694
2001-01-25,11.141920962734646,-18.96238998186732,14.280172266532347,-25.62183065892917
2001-01-26,10.24042301022639,-18.819986103117937,14.694685337405415,-25.10520306703465
2001-01-27,9.11377614126382,-19.11473207962396,15.522230965019952,-25.54082435888503
2001-01-28,10.523440518318132,-20.228180627884047,14.963900706178103,-25.08827819821838
2001-01-29,10.410802333862787,-19.19861393643474,15.276231963511385,-25.490701978434746
2001-01-30,11.754860449244108,-20.28788183060052,16.02708029375867,-24.124966465661032
2001-01-31,11.062093805498932,-20.898930622003103,16.53333835912049,-24.119346203291588
2001-02-01,11.661140761637526,-22.009148079230968,16.076203277586092,-24.22251572687815
2001-02-02,9.35726339537543,-21.887511918559124,17.197740107115994,-25.174636426418175
2001-02-03,8.406302304649476,-21.646670531960304,17.12424303023198,-24.93931137783576
2001-02-04,8.66262339165601,-22.035901864371905,15.977215343955747,-24.900294999305356
2001-02-05,9.418385647777827,-22.048947411182205,15.826367189914247,-24.42716090689435
2001-02-06,9.198527124752413,-21.728698164008158,14.612149424151688,-26.102069288812498
2001-02-07,8.823601651521132,-21.164027199176083,14.395970568560614,-27.95270348140854
2001-02-08,9.965817852416833,-20.645891455458226,14.953552651204218,-28.536680841797985
2001-02-09,10.174580777298193,-21.183102659986197,15.501666690760931,-29.871186578214235
2001-02-10,9.292908229329024,-19.802320293997962,14.057754084727886,-30.1868416895587
2001-02-11,11.51201529395788,-19.280750701605974,15.10416001920454,-30.574839145363192
2001-02-12,12.21130290393161,-20.17139344129061,15.165895670807213,-28.600729289273442
2001-02-13,10.829428084339549,-20.64068114901127,15.208075368880138,-27.968473623416344
2001-02-14,11.22041114308578,-19.704370214421832,16.380063931091584,-27.631971260158515
2001-02-15,9.851037614953182,-18.72187486026756,17.031234501895945,-27.234697778003238
2001-02-16,10.498363694383169,-21.28797994175593,18.473782987186667,-27.171775568299648
2001-02-17,11.485235202038803,-22.40543517212208,17.75894241206713,-26.983646533696053
2001-02-18,11.234968848483403,-21.648834004945037,16.573703409427523,-28.75021345997634
2001-02-19,10.549794288830608,-21.538536686795997,17.4983150456792,-26.649805592489866
2001-02-20,12.159764591233417,-22.5386319060206,15.398802862224805,-27.430962160183014
2001-02-21,10.831745919048588,-20.877632650409478,13.402811282768724,-25.542896038365274
2001-02-22,10.079241955741075,-20.8160617180707,14.260842605311847,-25.194462244477823
2001-02-23,7.9881716854826035,-19.96067950503168,14.8680426181082,-27.114287131530894
2001-02-24,8.69473520220424,-20.228262113226243,15.375622370566301,-26.88686153124739
2001-02-25,8.546643935241015,-19.85085338829194,16.28403277277583,-25.616669847703683
2001-02-26,7.758912800153487,-20.94541177918336,15.431420766950989,-27.05013643619629
2001-02-27,8.091700321555269,-22.388008484697583,15.865602936872058,-25.548674185671263
2001-02-28,7.5945129660818,-20.188373526630457,16.576886235061963,-25.662678503277018
2001-03-01,8.13359506206631,-19.848172949862565,16.46591813579815,-25.697659807141214
2001-03-02,6.69510384939962,-19.250105548312465,17.738124656523485,-26.12569619118894
2001-03-03,5.266678875118688,-16.71896124793656,16.259555161817612,-26.59965816164775
2001-03-04,4.83123444102215,-17.611144171651816,15.92580447793708,-26.963949385934416
2001-03-05,3.595403211140355,-18.865758690777273,14.109970876778902,-28.038686007063234
2001-03-06,3.446718234485252,-17.999079449993005,13.707788092561081,-29.457854481549465
2001-03-07,1.5026542776777578,-18.730816436335687,13.354386136463535,-29.783073795185413
2001-03-08,1.8970510704823362,-17.295818103681576,13.824151589725936,-30.30410071473453
2001-03-09,0.8764344235517245,-18.063571435681176,14.215605466217024,-30.045666795495304
2001-03-10,1.2141386908155454,-17.643674705846834,15.657665931306656,-29.18975124120358
2001-03-11,1.4572344309291771,-18.648146742997007,14.026952766440463,-29.305954569768645
2001-03-12,1.96740540162335,-16.144696763791632,11.899115503207446,-28.969506294756687
2001-03-13,2.724776119515716,-14.601464499723582,11.38546204691907,-29.049493225953114
2001-03-14,2.208201051756434,-13.197464999860324,11.299524131547205,-29.75678439262807
2001-03-15,3.795710632838541,-13.421802831003653,12.345184467323861,-28.033284118913215
2001-03-16,3.222218288471304,-14.977416301667358,14.018038843717381,-27.979971347841282
2001-03-17,3.3720897496935485,-15.320546584412666,14.560666406306641,-27.680895526064987
2001-03-18,4.055680321107628,-15.725144342062475,13.547393729940916,-26.8992913854892
2001-03-19,4.573372034738735,-17.205504557734372,14.158287802633206,-27.23899899890868
2001-03-20,4.328883294891772,-17.003736793399465,14.353321192089059,-27.937805297220596
2001-03-21,5.2562006284458995,-17.125153648582263,14.238051550384256,-27.64510410650135
2001-03-22,4.6003798931660445,-16.6455911739069,14.880404487265434,-26.763406157074964
2001-03-23,5.083296047934498,-17.30619466051727,11.79599115223581,-27.53661514195825
2001-03-24,4.452974598202026,-17.212288244996053,12.541967222899881,-28.88089919705758
2001-03-25,5.328510409877401,-16.763905313141343,14.6148212903593,-29.05705289979903
2001-03-26,4.711846851760957,-16.889481598220836,15.198298717887246,-28.191934762905852
2001-03-27,4.835767548851985,-17.080877084386998,13.12063503329638,-28.80674736276791
2001-03-28,5.302481147328173,-18.378682037882626,11.493034880850294,-26.38639414692656
2001-03-29,6.3952638607962236,-17.643463795834204,12.59688270938697,-25.10128809697042
2001-03-30,6.1120114007876,-17.638389974894462,12.280777291886114,-26.786352577057485
2001-03-31,6.619483358431881,-17.637134611334968,11.702970153862626,-27.121916777564643
2001-04-01,6.569138654445633,-18.041652118157415,11.083427649460372,-27.233610860146854
2001-04-02,5.225839261525843,-16.54204848187163,10.62812871503606,-27.89776342723351
2001-04-03,5.930008058224692,-18.250487954302976,10.12976945855437,-28.804068125108714
2001-04-04,5.176930712674105,-18.137026053505753,10.301359225869053,-29.675436571546825
2001-04-05,5.55393431760703,-18.290019783495616,11.272920316221146,-28.577874595513872
2001-04-06,5.776480837018728,-17.956838153450267,11.60111975568315,-29.370307189375467
2001-04-07,5.706449261533004,-17.006791261046306,12.001880087412465,-28.774444374571548
2001-04-08,4.711783053135434,-15.830863548959298,9.772560460822191,-29.337554563780714
2001-04-09,3.8661188255773813,-11.849763437152502,10.954424649421885,-29.468886456467228
2001-04-10,4.3558686680266305,-11.642293200031768,9.477575903031482,-30.409850482784645
2001-04-11,5.404422979677331,-11.658804376241797,8.755939318667984,-30.218601577078168
2001-04-12,5.540293585522796,-11.79996250536664,8.026891792215244,-30.753777807098942
2001-04-13,5.448854093900876,-11.770889568335534,8.59559533609056,-30.651064862787084
2001-04-14,4.12234502638142,-13.04606467474267,8.557238458153588,-30.226077930161825
2001-04-15,3.172018904522532,-13.39473459099484,5.294303051667589,-29.633603875059134
2001-04-16,1.6845843076558844,-14.678378237350557,4.955824926678934,-30.047755975052223
2001-04-17,1.7433994848182652,-15.126170920013214,4.6982415361926995,-28.890014559662642
2001-04-18,1.9099055774193205,-14.451564147604795,5.5414230057755445,-29.42845837795866
2001-04-19,2.4283470727227794,-14.962115083859826,4.29729602826702,-30.867058677357072
2001-04-20,3.6187880692025343,-14.983023555171139,5.317991491864252,-30.75709414251968
2001-04-21,4.652880767153489,-12.937233406858358,5.905059125534083,-31.35904871902556
2001-04-22,5.026946103475662,-13.226893554815758,5.447049020743632,-31.781753988695282
2001-04-23,4.185013113230577,-12.377324788615438,4.773569776176367,-31.984565464346385
2001-04-24,3.1345662734950612,-12.88559047753947,6.178107250322243,-33.41449738378954
2001-04-25,3.601891977977395,-11.959742018064127,6.816496447334215,-34.565523329085906
2001-04-26,3.4551923683241705,-12.375785465926512,5.174514001037867,-33.52768514174602
2001-04-27,4.3668492470585605,-10.841543096752273,5.600880349661978,-35.24450874627922
2001-04-28,3.899092903510114,-12.727309904720169,6.39383967279277,-35.46727301119019
2001-04-29,3.619215425642851,-13.886562411973243,6.035090923701625,-34.80217451049733
2001-04-30,4.855605897120519,-13.870225494892562,5.8764522030388475,-34.16604956478697
2001-05-01,5.290579339147627,-11.631462044561374,4.785990342708205,-34.246678783180556
2001-05-02,5.5987680380323495,-11.764468387078727,4.5518531974007495,-33.337470687747675
2001-05-03,6.258085934594245,-12.031145777609144,5.2545818123902235,-33.49648804398327
2001-05-04,4.926677863258066,-13.035684933686488,5.406062547694711,-34.1174335380264
2001-05-05,5.25961824925488,-12.16857266576851,5.515730355012416,-34.9497734771425
2001-05-06,6.335028215636918,-11.20711240035318,4.877678190507577,-34.883584038870126
2001-05-07,5.133764021025224,-11.797892610221933,6.010857020380379,-35.10051504693616
2001-05-08,5.967038798797395,-12.87815864036087,4.595170153487604,-34.66177012231515
2001-05-09,4.769309594206479,-12.495770759851643,3.8669368569534974,-35.854620409838375
2001-05-10,5.986775432782595,-11.374867395712398,4.565768626157898,-36.39774983615831
2001-05-11,5.9893032589724005,-10.209831414020854,4.525560103930909,-36.240200015597885
2001-05-12,3.913672717121689,-10.974567267493013,3.059458166972539,-36.076863161711984
2001-05-13,6.145705951364263,-10.089121753119125,3.3655356659409152,-35.491016095845225
2001-05-14,6.177759266220207,-10.991739712284046,4.632472096276224,-35.629456766470305
2001-05-15,5.449609391588611,-12.313836042902809,6.436771558888944,-35.02128896295847
2001-05-16,6.207318655341028,-12.358686927833377,6.017097024561507,-36.05223132927996
2001-05-17,6.748449038692096,-14.098747398124443,4.2112214376297175,-37.48934440220476
2001-05-18,6.869848670466638,-14.260659017099407,5.451057517663646,-37.96079195989211
2001-05-19,7.611319477848437,-13.892970900875717,4.687179308550497,-38.436929562597946
2001-05-20,8.29865104708706,-13.26016862599348,4.464736956781145,-39.44665362319188
2001-05-21,8.718381109175478,-13.71568307017794,4.362597978220131,-39.70961377221815
2001-05-22,6.97769970890801,-15.345460713319001,3.86290834516815,-40.85813494879387
2001-05-23,7.845311291581665,-15.34782814615055,4.006223211574815,-40.98069449568686
2001-05-24,5.150476115381568,-14.611159659067232,3.4595456704900447,-41.40527996333558
2001-05-25,3.618373849449921,-13.925219628025527,4.146517763127265,-40.17099551474071
2001-05-26,3.602579245211413,-14.81181804434284,4.026030015595408,-40.12729201028111
2001-05-27,3.601413464829958,-13.967890655476246,3.10892780844742,-41.30952584566427
2001-05-28,3.890147877450238,-13.448904281970528,1.1400654011173486,-43.46198336284057
2001-05-29,3.370283558554945,-12.64742556617905,0.48721153932840966,-43.81543585187598
2001-05-30,3.4271916689085145,-12.219495915492981,1.6890870801851778,-42.161579384636404
2001-05-31,1.7341073518038914,-13.684871810697864,0.23330721615160455,-42.44052419749409
2001-06-01,1.6959738270569191,-13.987634347735463,1.1404117592177911,-41.641471272876345
2001-06-02,1.7195667773967438,-14.638000376889995,0.28910701406429706,-41.14472045940975
2001-06-03,2.5544320897881123,-13.586354784943927,0.021662317449570145,-41.90994487781497
2001-06-04,2.975679768836041,-13.63680659577581,-0.9055254131629266,-40.84227859448249
2001-06-05,3.550425466783988,-13.52468988122261,-0.3665480738820118,-39.5805979005472
2001-06-06,3.2202821885439383,-13.654001760511866,-2.2999346174192494,-40.066143371152194
2001-06-07,2.3763613007028095,-13.226571412252047,-0.9972634087311014,-41.04864607028563
2001-06-08,2.608961829836008,-13.75752386815038,-1.2573900405743301,-41.823746232260724
2001-06-09,3.3092228077624575,-13.498202855922608,-2.218204593088818,-41.17735979331101
2001-06-10,1.8664366428957588,-12.76737423606592,-0.532084211364459,-42.564764454775855
2001-06-11,3.5331531970635313,-13.476655276578041,-0.8401449077266283,-43.31105496473913
2001-06-12,3.4176255777183155,-13.80131656760102,0.3886778443628778,-44.39830913382755
2001-06-13,2.114444621168123,-12.897962433730918,-0.38386599677933286,-44.77808880021835
2001-06-14,1.8247695357895606,-12.360192674669591,-1.488134310577403,-43.8959889458797
2001-06-15,1.6682884893249796,-11.472946264786149,-2.751847900057233,-43.525325688416025
2001-06-16,-0.2789010035400674,-11.997467289783572,-2.029388387360722,-41.78508801783579
2001-06-17,-0.7056871592432736,-12.73614396777213,-2.467439323364404,-40.99259198830317
2001-06-18,-1.5809932969355116,-12.787616444281303,-1.6329444484309983,-40.675441571380105
2001-06-19,-1.3880966591049977,-12.169415314009715,-1.7331363562471986,-39.63818099906964
2001-06-20,-0.22016290930950144,-12.722912418604283,-2.105385778040168,-41.29842848532148
2001-06-21,-0.5705417558831625,-14.389494443964763,-1.6081303457590015,-40.76770181035778
2001-06-22,0.6734749789505996,-13.61222457207743,-1.2621047133223349,-41.29822940457101
2001-06-23,0.39512741184997086,-12.81333208665164,0.01602320599971918,-42.721411584717764
2001-06-24,1.834106758962571,-11.510746695531013,-0.7691223914445939,-42.25685384989506
2001-06-25,4.225178478318187,-11.270471243232954,-1.7365880870224246,-41.5347265154142
2001-06-26,4.3554940097626105,-10.09228973881066,-3.4126908630291726,-41.1601397149541
2001-06-27,3.1760855104235626,-9.631184652366711,-2.5392916533368894,-41.890324650677236
2001-06-28,3.734556899579259,-9.298748694281844,-3.5546554845720655,-42.835418959058494
2001-06-29,4.962070154514916,-9.172407334265742,-3.915403504854563,-44.530610066241145
2001-06-30,4.899170430280327,-9.494543118073034,-4.315293025753173,-45.63562604897369
2001-07-01,5.277953887146366,-10.572328031085458,-4.499144024021957,-45.84108040016177
2001-07-02,5.224933781179985,-9.980965372481528,-3.7837328690206853,-46.17476475967138
2001-07-03,5.3409587460920465,-11.505795982822317,-5.434063621116408,-45.1993461461826
2001-07-04,6.313807057309278,-12.156329180852891,-3.833626499033718,-47.44846055063093
2001-07-05,5.794221966468743,-11.436404509655702,-3.9908421122486497,-45.6464826127849
2001-07-06,7.0224486390494505,-10.009124052073156,-4.131779611819381,-45.91930847437193
2001-07-07,5.9938121867213905,-9.74617149623059,-4.249559189954187,-44.42252722825396
2001-07-08,5.652202295151289,-10.756413230866478,-5.936443349326307,-43.78888709807141
2001-07-09,6.920017782298074,-9.194108311600786,-7.024247036752817,-44.29222564188738
2001-07-10,4.899615868393029,-8.778014860999038,-6.081701800769529,-42.457961563727814
2001-07-11,7.532941918237223,-8.1556011153756,-5.3439086290080215,-43.93997250004091
2001-07-12,10.47527117002532,-7.538079326317518,-6.087867118611456,-44.23463815294796
2001-07-13,10.758996055571115,-6.7562718687989385,-6.8066401459975,-43.94443174001749
2001-07-14,9.622375259009166,-5.948228233952272,-4.718099088574926,-44.19970183340074
2001-07-15,10.326384686353396,-4.557312943261747,-2.8666717748368633,-43.82735300183285
2001-07-16,8.990477663742585,-4.1805832359102,-3.010831326131468,-42.870329535339664
2001-07-17,9.796930777383333,-3.1126079522522976,-1.8920755964281013,-42.88212825939258
2001-07-18,9.301031032049206,-2.78814146833945,-1.1035480484762674,-43.08047030221185
2001-07-19,8.057073076764407,-4.504354793380767,-1.1218593243707586,-43.548836807020784
2001-07-20,7.661403526769262,-5.469665247647858,-2.217819242940767,-44.71016317954086
2001-07-21,7.256344389396122,-6.416298967304183,-3.572397438391921,-44.37126868331593
2001-07-22,7.986249995630945,-6.749211926813766,-1.8671732121731688,-44.52300207649633
2001-07-23,8.03203252327077,-7.24470530883718,-1.7092891060488757,-44.78179422091691
2001-07-24,8.011951020101106,-8.112755304805408,-1.7813346539723731,-45.62172134101365
2001-07-25,8.719037271434722,-7.4698880332305615,-2.5927254083107534,-45.76067323903898
2001-07-26,9.468920006428888,-7.341098297505071,-2.5620933297102235,-46.189553905855895
2001-07-27,8.693750322775687,-8.769153290773582,-2.022382603123566,-47.176791769592526
2001-07-28,9.127935551736734,-10.12064253816723,-2.893908534044199,-46.67875640512153
2001-07-29,9.599672480426747,-10.570535112161,-3.858555581300483,-47.605682935776116
2001-07-30,9.005834267943316,-9.739263331349953,-2.7207697128308395,-46.82217000229735
2001-07-31,7.121335997299816,-10.702015159776412,-4.120372734483996,-46.43725013715076
2001-08-01,6.574761926312421,-10.177352635964334,-4.294673413742774,-47.598389829938505
2001-08-02,5.943413583700286,-8.934131907226158,-3.687334673034414,-48.212245704945026
2001-08-03,6.220345743107574,-7.958826023129347,-5.073552724797948,-46.89424761274611
2001-08-04,6.678520054874241,-6.544049652064303,-3.3165115636959834,-46.19779866619068
2001-08-05,6.579012044251236,-7.433335611779354,-3.482735698594972,-48.080898784524585
2001-08-06,7.681051021838137,-5.095618852218828,-3.1063221060842796,-47.01788822382207
2001-08-07,7.610551568777059,-5.427074820981192,-4.7259024661479625,-48.05178557487059
2001-08-08,6.343828461884685,-5.7535769444986,-5.048832158510699,-48.10124095242973
2001-08-09,6.102575227543847,-5.525386092714711,-5.3905530785882485,-47.28233415861452
2001-08-10,6.38699669019584,-6.14787127586946,-4.4640149639186,-48.26276233015962
2001-08-11,5.610270303472561,-5.422436104116872,-5.857855537342671,-47.470106903197795
2001-08-12,5.0279805272045435,-4.879694242465006,-5.0554580582948905,-48.29049282977791
2001-08-13,6.087263664889515,-4.743221519064913,-5.475202571426293,-47.73862683674532
2001-08-14,8.115707598192035,-4.47664863111433,-5.9537043309268025,-48.168069459405544
2001-08-15,6.6374437169247,-2.9086461577293714,-4.642401220680898,-48.30737326920589
2001-08-16,5.284144425488771,-4.3856474430174694,-5.687716802659652,-48.2345391579642
2001-08-17,4.306486270211959,-5.683948344464774,-5.8296648046120705,-48.496723696212875
2001-08-18,4.7450133307283755,-6.36329156608028,-5.543967587548478,-48.850463721063946
2001-08-19,6.2933761257639915,-6.131292390957161,-5.8728889720127535,-47.797313386024875
2001-08-20,7.407724615287843,-7.07080207695639,-5.542417722813637,-48.65453725413422
2001-08-21,6.869969207971368,-8.64499294274709,-6.91203567904227,-47.86500341623228
2001-08-22,9.11526208042828,-6.093151562745456,-6.2693878592643655,-47.26891218571938
2001-08-23,7.680178294754312,-3.2872288737470616,-5.591898708397608,-47.48229928965104
2001-08-24,8.904711432476994,-2.9547901488645993,-6.229031519323617,-48.97441793968148
2001-08-25,9.479573773973701,-2.4975360049761166,-5.7558458536992525,-49.37780629957046
2001-08-26,10.665497944339497,-2.809159718797812,-4.183875225923045,-49.20360852617203
2001-08-27,10.212732295851248,-1.4334618550738354,-4.132278285142419,-49.8764666920007
2001-08-28,10.064735618553028,-1.6016954858409995,-2.8687996964828226,-50.70380380434708
2001-08-29,9.389491191533159,-2.049825192479133,-5.067217296504417,-51.313072748696065
2001-08-30,10.050613243887938,-2.0011423356440172,-4.4362097443256125,-53.879291128308
2001-08-31,9.454221585645877,-2.922394998864684,-4.521686027078006,-53.827999862497855
2001-09-01,9.619376190809115,-3.5531930771223146,-4.320715072641126,-52.58369350370213
2001-09-02,9.755155085105782,-4.1261150043173185,-4.292061570115567,-53.676980600635574
2001-09-03,9.139815700410283,-5.429219878919092,-2.3758205932450807,-52.92774388597818
2001-09-04,9.86272051207932,-4.538677872747844,-3.421069427638595,-52.69334681661533
2001-09-05,10.221581775922182,-4.1423292617667204,-3.1751837211075555,-51.57080955291603
2001-09-06,11.585519605963414,-4.549794613232063,-3.471001193652975,-52.41908227793508
2001-09-07,12.013913539474581,-3.2848480880684727,-3.7535440302182845,-52.79754161023761
2001-09-08,12.128206547647027,-3.19138743260508,-4.329725438629626,-52.66867261497059
2001-09-09,12.45615668725269,-3.1108531261794576,-4.8187004563587355,-52.952987555682306
2001-09-10,12.406625509595278,-4.477374893769527,-6.90168151902329,-53.55326656072162
2001-09-11,11.717989835141127,-4.667581266525782,-6.742864089983381,-53.997094941574304
2001-09-12,12.486716547127054,-4.409490517402293,-7.68875282213448,-55.062390780471574
2001-09-13,11.768374076941408,-4.876267208405109,-8.563402361893258,-55.05524701866664
2001-09-14,10.36198471185402,-5.14929966673387,-8.751503397717231,-53.97566305904716
2001-09-15,9.931706761853746,-4.420559366355002,-8.557263113542382,-54.384196225507935
2001-09-16,9.263000730295019,-5.426025592652811,-7.546403695474423,-55.184026697787935
2001-09-17,10.436255040410712,-4.31047901257089,-7.307377725891606,-55.17490409148583
2001-09-18,10.068068355606762,-5.218827197541015,-7.170963358763981,-53.68857993457562
2001-09-19,9.485379922292504,-6.709727134943821,-5.178051838582336,-55.155212992495315
2001-09-20,8.796990428915969,-6.073480235961272,-4.9821281139255875,-52.45948773863955
2001-09-21,8.580418611000232,-6.701244394613675,-4.83420833461724,-51.23425585780105
2001-09-22,8.61205152505139,-6.289638567417773,-6.210814252418856,-51.05393816034665
2001-09-23,9.527071416096849,-4.875639490080176,-6.773450094435777,-50.536448710926955
2001-09-24,11.71616000907865,-4.465607285004535,-5.173092222055666,-52.606595028586675
2001-09-25,13.522526460729834,-4.271635961274002,-4.792280107372535,-50.897283462439304
2001-09-26,14.205017726396926,-3.5026218569098835,-4.428725192921524,-51.28371005331506
2001-09-27,13.105215348223332,-4.0451943833777815,-5.92216296225571,-50.4955734668437
2001-09-28,12.011946591471222,-4.51625688657967,-6.031523160683434,-50.71443704957682
2001-09-29,11.428310056228852,-4.1078218767888925,-5.264368140636633,-49.623954645453665
2001-09-30,12.713219692116525,-5.682435993061998,-7.665732466471495,-50.2260073897799
2001-10-01,13.644331585595298,-4.306968513768608,-8.28692820250131,-50.15391439506593
2001-10-02,13.698852967643209,-5.294632026130744,-8.675013634184012,-50.57663843008088
2001-10-03,15.213595744673869,-3.9895381619753305,-9.293784015938956,-51.57356119194249
2001-10-04,15.606814725621122,-3.5268683498452784,-10.641591912266264,-51.048936233475516
2001-10-05,17.189140739248533,-3.2419509463497858,-10.377095254706262,-51.20818223745504
2001-10-06,17.231077310717748,-2.8906788424974006,-10.969761947521018,-50.26900770418284
2001-10-07,16.283775607026836,-4.2741949394885665,-10.316131725185285,-50.79124047114706
2001-10-08,16.56309809793572,-4.598014961837653,-10.355073021897338,-51.30125251912114
2001-10-09,17.04159788050749,-7.441282530767825,-10.733462316067452,-52.82286517598684
2001-10-10,16.949958850923,-7.114591332376476,-9.64795935508575,-51.7298161703793
2001-10-11,16.6795552736616,-5.7200159651933,-9.023110943613062,-51.43065552470038
2001-10-12,15.96315579726156,-6.206290700180195,-9.511871546911642,-51.884911439709754
2001-10-13,15.065880956528154,-4.632000029090309,-9.582303207085749,-53.75597162204087
2001-10-14,13.435567009949592,-5.927347339389015,-8.837272773233074,-53.64937357598846
2001-10-15,11.17267284855431,-5.114493284148734,-7.038305419531839,-54.08283973577401
2001-10-16,11.920508467995235,-5.265025452127798,-6.152155776496767,-53.45412745455424
2001-10-17,12.583921309775192,-4.748900003909758,-6.2526804437765495,-52.40371115050793
2001-10-18,11.564633817054894,-2.976467740198073,-6.562831823882498,-52.73546550604054
2001-10-19,12.701852837620988,-3.361774456135045,-7.55918136521104,-52.12482750644572
2001-10-20,11.587493341959618,-2.786175563221606,-7.0962994708350084,-51.632499077845466
2001-10-21,12.132207813768835,-4.3515576696331975,-8.063495918473278,-49.85411364574186
2001-10-22,11.56511928422178,-4.760247684500184,-8.050729312403096,-50.81437272011441
2001-10-23,12.584246795622349,-4.957150042525606,-7.569945112722572,-48.69516175855621
2001-10-24,13.28207404577251,-3.0373891894419813,-8.193694050894457,-49.708483913199025
2001-10-25,12.88467326473281,-3.1579661331397952,-6.013387742846033,-49.63353214093781
2001-10-26,11.080672922471393,-3.9173831897146547,-6.294230568785873,-49.909770172234104
2001-10-27,10.812948357973521,-2.9546827915378677,-8.179439494244827,-49.50732175691437
2001-10-28,10.713788189673958,-4.0655376895371385,-8.802505316672312,-51.755954571946816
2001-10-29,9.760784544225704,-3.690556927517912,-7.569156442256548,-49.88832336855821
2001-10-30,8.720294090063168,-1.9480028420870485,-6.940751502547353,-50.871987578467156
2001-10-31,8.071028690471943,-0.8705260728668294,-7.464846687935431,-50.22701490382346
2001-11-01,9.515100078781913,-1.3540853977322338,-6.830103975110161,-48.22279702161113
2001-11-02,9.4625735777551,-2.3575146129748266,-5.674470766762618,-48.19877068007986
2001-11-03,8.349345204915466,-2.8376372564043155,-4.215726328362853,-48.30368130693643
2001-11-04,7.1942297246672195,-2.697249504852503,-3.582171837804516,-47.7786918947145
2001-11-05,8.971275790729557,-3.318630941708815,-3.039115097819425,-48.06754899316447
2001-11-06,12.287605304502263,-3.476758887319251,-1.5266725696075474,-48.551210840560714
2001-11-07,11.852141612283937,-3.5677535960802094,-3.271785872588472,-47.78349568454737
2001-11-08,14.139615718109765,-3.7352841740881817,-4.668867366498439,-46.80847135014556
2001-11-09,12.377985281694333,-3.735897825669926,-5.550820207741795,-46.53747062302381
2001-11-10,10.782659134758696,-4.172445440951898,-3.7785864047602464,-46.3092430560523
2001-11-11,10.045913674186211,-3.663127468239856,-4.501496505281297,-47.226675351727934
2001-11-12,10.529752491372351,-3.5273083954995643,-4.832155604045658,-46.56949320787588
2001-11-13,12.234377687509237,-3.0886632504582585,-4.872622842970757,-46.49769202794473
2001-11-14,12.136912630888702,-3.789706626465299,-4.063620251598792,-45.89699123431376
2001-11-15,11.316325300428055,-4.4493787267528635,-5.684440976410297,-46.07033814808872
2001-11-16,11.503978070227678,-4.014096147840794,-6.987760087479293,-47.33508703804874
2001-11-17,12.04015674139664,-3.7390008291669607,-7.983284971430646,-46.656186379371015
2001-11-18,12.075325308013,-4.796828370394686,-6.327699145746326,-47.01454141026634
2001-11-19,12.272734483803262,-3.525839316873914,-4.149818535436866,-46.25777345479583
2001-11-20,11.412115083829137,-2.463376106053495,-3.8673814325337283,-46.565671539379004
2001-11-21,12.171474111428017,-2.7016235699262525,-4.475069611848938,-47.810363161887665
2001-11-22,11.827073786222797,-4.094721455955422,-5.4557221799166555,-46.88685282649002
2001-11-23,11.070170875348014,-3.5959365745418137,-5.610945856284218,-48.90584872865601
2001-11-24,10.604878129041841,-4.382467452170433,-4.776308790554118,-49.36151320715219
2001-11-25,10.413044332591888,-5.665877895400353,-4.085095748183571,-49.12256623420737
2001-11-26,11.020506861156743,-3.589771706469167,-4.100482978023347,-48.068744113841795
2001-11-27,10.7524056308347,-3.848318398729692,-2.795361005048618,-49.28818636384258
2001-11-28,12.016594191105526,-2.672262203504933,-1.410058307882944,-48.9211056557191
2001-11-29,12.524184983966824,-2.4089008017914084,-0.6940607007577179,-51.30486206927958
2001-11-30,12.519809353643655,-1.6536328856757878,0.5047292236049713,-50.75380794841788
2001-12-01,13.057848512132297,-1.434862545299734,1.1280501409182597,-50.7321241941225
2001-12-02,12.181753458381634,-2.307691625555146,1.9976830930324185,-49.83858513863196
2001-12-03,11.853369164516053,-0.17644669739290642,2.4261839364122806,-50.043584324763486
2001-12-04,11.966509177928462,0.7828809337120586,1.3811302533719605,-48.707999931554596
2001-12-05,12.003182701120032,0.6259790538409962,1.261494195456079,-48.28352956495548
2001-12-06,11.488644681612959,0.5452869821471743,0.9031873745168829,-49.52050348887045
2001-12-07,11.72698968899374,0.611918139967928,0.2837671752902765,-50.04219469828634
2001-12-08,12.767262759643248,-0.22486199463549206,-0.7029930908053839,-51.03397915925765
2001-12-09,11.984218054257942,0.326824971696668,-0.11679081590916873,-52.97204855761377
2001-12-10,14.479028215813473,-0.251988344398429,-0.6464119081227713,-52.196109252628744
2001-12-11,14.225260085153678,1.058333112556112,0.24065402790560808,-52.7603853707114
2001-12-12,14.105110418000121,0.165509544239405,0.543590774165592,-52.313323732468035
2001-12-13,12.692493517868913,0.34492031624181974,1.8726250858353293,-51.16722153487952
2001-12-14,11.77641232296109,-0.3957681943077225,2.064728785412543,-51.88703287530674
2001-12-15,12.641548242430186,-1.6812872243155093,2.6892895107539214,-53.02093520390212
2001-12-16,12.459551220738087,-2.087921177589459,3.1096552174345393,-54.4946555260848
2001-12-17,12.194870491642595,-2.5924806323887144,3.8814471926979772,-54.217908258033134
2001-12-18,12.242626456460027,-1.9981400949209402,4.354764088387228,-54.69863246515951
2001-12-19,13.71145864396205,-3.153485756340737,5.204651455073005,-54.65015220771612
2001-12-20,13.132416344606176,-3.445040475445275,4.403535217222228,-54.08403157914675
2001-12-21,12.7627480491313,-4.05458274673409,3.6735790044311987,-54.24652279609737
2001-12-22,16.12267286544924,-5.901552402596415,2.801642134903739,-54.00189671251747
2001-12-23,16.344508949224302,-6.304220640422058,1.6445920563616496,-53.902557672686825
2001-12-24,15.657553950250733,-5.909813673856874,1.574363550032791,-52.63587720443462
2001-12-25,15.83105235901394,-6.5355591362431635,1.691372045951613,-53.54985529807749
2001-12-26,13.810137233307477,-7.240244525589215,1.1562626717539222,-54.1182511273947
2001-12-27,14.259784360225792,-7.749213453417576,0.450129959858243,-54.240998010571786
2001-12-28,14.155030133079105,-9.010764815545691,1.3218624014318232,-53.73764037726158
2001-12-29,14.39516406280179,-7.839978707667393,2.7739790363314336,-55.031769107244415
2001-12-30,14.91384973751276,-8.190619995164626,2.4908275068692234,-55.86749097476446
2001-12-31,16.11882839993882,-8.705077200542155,2.96750817050905,-56.78327148869208
2002-01-01,16.621799898234336,-9.213653958743922,4.2789781128685425,-57.69398704888069
2002-01-02,18.347769283610262,-8.635463407419229,3.232858743858956,-56.9785266273498
2002-01-03,17.325241514811186,-10.33845021919884,4.198111175347765,-58.45265867478127
2002-01-04,17.81109576754341,-10.605120473900085,4.348925673538804,-57.0766857046967
2002-01-05,19.012355795361884,-12.20507568226717,3.286000317950287,-58.15434612172196
2002-01-06,19.018121601187165,-14.860936758098605,4.522242054149808,-58.731986315791715
2002-01-07,18.854168377703445,-15.39571754202164,4.348551656483368,-57.56536874149857
2002-01-08,17.250762901943723,-16.319817545363463,5.110480014367107,-58.43127654849817
2002-01-09,16.55511792144238,-17.429639477969204,6.050290223700658,-58.353773628239615
2002-01-10,17.043281868641238,-19.08288129510215,7.05170152638392,-57.44709219475621
2002-01-11,15.720801119321674,-19.381430341136618,7.831406989761677,-55.83358153662911
2002-01-12,15.796244407186478,-20.376753236461134,8.124554533688535,-56.451550534521076
2002-01-13,15.292443000911499,-19.996734322477263,7.986249845785073,-56.33622907043218
2002-01-14,15.407727890926713,-21.57320425511037,7.9720863608776416,-57.071832478871514
2002-01-15,16.879747822049847,-21.787792151126975,7.113411694752048,-57.855895812813046
2002-01-16,18.33250037684126,-22.02519718534817,5.632448347330431,-56.52428658992075
2002-01-17,18.505410955829824,-22.690069253184433,7.7425467445936675,-55.95087056441184
2002-01-18,19.044844734755998,-23.017891998159936,8.213345117683286,-54.64973124127087
2002-01-19,19.49377774559246,-24.622167715717772,8.101132638118434,-54.045980814229324
2002-01-20,17.972862454587837,-25.43345921474302,8.740455496565492,-54.73012206409945
2002-01-21,19.214423383630614,-27.139752297092624,7.63199582463796,-55.12347506284432
2002-01-22,19.343562960369916,-27.117752785308845,6.284321718165887,-54.79487811435968
2002-01-23,17.97658627578491,-26.53608214002006,4.701834889455457,-54.48754967472876
2002-01-24,17.660286574636565,-24.874632955308236,6.064234422285456,-54.0677131454328
2002-01-25,17.00993746530484,-23.145218859429143,7.956110318088131,-53.35486010167615
2002-01-26,18.306326277755424,-24.46758659320651,8.154119885858078,-53.93778525741015
2002-01-27,18.26982956661462,-24.46084356893751,9.017781708475484,-53.45190522298104
2002-01-28,17.561859994181184,-22.72440025159128,9.974162848715475,-52.89505210712368
2002-01-29,17.449537337154403,-23.163372845476914,9.462063303001896,-51.30283707713822
2002-01-30,17.252666539005673,-21.86767107152524,8.605821133945232,-50.75205446755042
2002-01-31,17.146568347945337,-23.53959473005468,9.087108089193002,-52.45134471823633
2002-02-01,16.26074630212761,-24.316664678020185,8.141962839301842,-52.83040499437838
2002-02-02,16.96476788158069,-26.435798313631313,7.4923840405885835,-54.03386419169964
2002-02-03,15.739482580178748,-27.09788609439406,7.735683174339901,-54.07494244235356
2002-02-04,13.805534307619592,-26.0797937592858,8.151164206319663,-54.82174162905053
2002-02-05,14.931905633938111,-25.64275823810016,7.324064723219284,-55.249835753490764
2002-02-06,14.194475088671547,-26.921789258945196,6.1222272611733946,-55.88901055782173
2002-02-07,14.85356776491275,-27.23626073024927,4.890872873186252,-56.22672285800507
2002-02-08,15.024694837731825,-28.257266397633217,5.228605810803759,-56.54685921603797
2002-02-09,14.609645431708394,-27.417127779235578,6.004840504548776,-57.948950587943045
2002-02-10,14.976535542264577,-27.573267579567972,6.686295429280154,-57.90291142112155
2002-02-11,14.757178464592723,-28.77344123502279,7.355031040220409,-57.884961840541024
2002-02-12,15.303477332623595,-28.220777433111806,6.537551172017375,-57.55369284190088
2002-02-13,16.541245426070454,-28.88657090088042,5.8648239092704655,-57.72927421597169
2002-02-14,16.310919555913596,-30.83487033240412,6.350605555199415,-58.94357364264857
2002-02-15,17.236183697892443,-29.9883675429717,6.819386319463552,-57.227798404094045
2002-02-16,15.943162708150794,-31.353244297790564,6.4002659125066685,-56.781280180437356
2002-02-17,17.282761359641878,-32.08080126583564,6.012251939320566,-57.21171473066671
2002-02-18,16.73321188071417,-32.37424101887372,6.636326507221083,-57.337831586404555
2002-02-19,16.78732160112113,-33.29407898290665,8.534858596344133,-59.191960268186854
2002-02-20,14.637682596367707,-31.974983277950432,8.25815567909571,-57.64954116335996
2002-02-21,14.269355318464857,-33.1556970956071,8.918107245619183,-59.27806010009105
2002-02-22,12.2666047342095,-34.46282558630007,7.952749657523027,-60.101061939386526
2002-02-23,11.305231405825714,-33.82855649766624,7.698454830058835,-57.89986096333784
2002-02-24,12.184180644393088,-34.794593798181225,8.757784440969006,-58.359631079521186
2002-02-25,10.71073811033052,-34.673023403924894,9.413493371306068,-58.81034578450144
2002-02-26,12.198570683764032,-33.50764433520293,8.549195948122572,-58.766504635285266
2002-02-27,11.127102551437332,-34.61053066654521,9.124408874499833,-57.79270026305626
2002-02-28,13.365126852874344,-35.422549269428735,9.872636139422285,-57.576495816910786
2002-03-01,14.548333823710644,-36.878560567158004,10.21096728094636,-58.18391221629104
2002-03-02,15.039285808280267,-37.16203794971375,12.238541322957726,-59.016686738105996
2002-03-03,13.92601052605654,-38.34019927639508,12.11581934673043,-58.86030890820423
2002-03-04,13.124923253812431,-39.144429260397764,11.054016175828997,-58.34745999033782
2002-03-05,13.995002759844006,-38.8144605401038,11.712866579020394,-58.69914189066252
2002-03-06,15.350186882332158,-37.76443431310584,11.84042222570956,-59.5774470415959
2002-03-07,15.928134046432195,-37.70955281864271,11.222874824002567,-59.84254517165847
2002-03-08,16.958891874778352,-39.148234241877184,11.536863399703751,-59.57300414335163
2002-03-09,17.535608491993678,-38.399950286748094,12.893741579493895,-59.15219204880012
2002-03-10,17.53561760948149,-37.92688412055719,12.329750415154276,-58.28527041854145
2002-03-11,17.54051559791052,-37.51012972816519,12.334916197576524,-59.29753860679253
2002-03-12,16.913340608959388,-36.867375374467414,10.70945894957539,-58.793841161501646
2002-03-13,17.106547626767192,-35.97958711694522,9.649399459305071,-59.76474283062678
2002-03-14,18.969853320686642,-37.32591921658778,11.230816091807338,-59.44271485313906
2002-03-15,18.154551204024703,-38.23193012081554,11.185686560318326,-58.4732363917995
2002-03-16,18.854741908769867,-38.35139668382632,12.129877808080439,-56.455318935480236
2002-03-17,19.910170156397612,-39.661953380056445,11.580147769283645,-56.39988808397733
2002-03-18,20.693463305000854,-38.345557205846575,10.237945727973665,-55.03388068583529
2002-03-19,21.183052173071548,-38.89282078202592,10.441717325837066,-53.29353201498328
2002-03-20,20.12452806484213,-40.77402188053685,10.295904332107959,-53.99341108898366
2002-03-21,19.223320686354636,-40.63717688317458,9.30714209545431,-53.82206530935246
2002-03-22,18.78279178010638,-40.45923541696616,8.098144834866833,-53.23968528937278
2002-03-23,17.98372923643488,-41.084711221954976,8.13134520333497,-53.43695657600706
2002-03-24,18.496561943731717,-39.50636446706749,8.698217298973097,-53.300608977275175
2002-03-25,19.2087438870247,-38.08401842458971,9.46388816419655,-53.125864883807985
2002-03-26,18.19070255984808,-37.508302084796945,7.987062029570652,-54.20992599362186
2002-03-27,18.014580049048458,-37.66177382943793,8.018028827877432,-54.107012443001885
2002-03-28,16.63890142760659,-37.67198211313057,10.178845048296221,-54.00172654867618
2002-03-29,17.717299113302673,-38.25074582297849,9.250062170246046,-54.15513890465748
2002-03-30,18.807017659950798,-37.88617546759061,9.7240086150253,-52.97421221904226
2002-03-31,19.87310290785777,-37.95060755728579,8.9335883219163,-52.427321169023905
2002-04-01,20.04822628593994,-36.483181908275256,8.474087952816102,-51.37059866081856
2002-04-02,21.055502289895763,-37.100500745505556,7.456077938510889,-51.16482260891687
2002-04-03,21.05281089060488,-36.373225850951506,7.636828807054132,-52.27726525410882
2002-04-04,19.825274464846405,-37.0389257093738,6.819117438369725,-52.28123822447979
2002-04-05,18.988305831836666,-37.42133344658956,6.723744621801746,-52.78490848328953
2002-04-06,17.649485664307484,-36.273187232954676,6.7464527246612915,-54.138298427217144
2002-04-07,18.24324202627963,-36.84257899137574,6.758551530465038,-53.56699183175444
2002-04-08,19.079068722019773,-37.12417476618439,7.011711074025326,-52.90727932582322
2002-04-09,19.9526035036582,-35.58795009201771,7.298402916672762,-51.23131182449357
2002-04-10,20.649603997966892,-37.115224940453835,8.206419726036437,-52.0970345943993
2002-04-11,22.422941744631576,-36.88161058387068,9.212140438246209,-52.23516197176083
2002-04-12,22.805337245660617,-36.951024201666925,7.491803910748399,-52.75493284604567
2002-04-13,19.78866621568032,-37.23432046818889,7.566491984490116,-52.69553661090701
2002-04-14,18.46273192025016,-36.85244431005388,7.130532679303406,-51.600888798486736
2002-04-15,19.311768990959624,-34.84476585999878,9.630439950679582,-51.18802586024809
2002-04-16,18.620697057569846,-34.67643427089839,9.755515517072322,-50.276702209471225
2002-04-17,16.97410926015203,-34.897643875030376,9.233691830866933,-50.67226808868574
2002-04-18,17.49923653124467,-34.158225091386385,9.52948464708061,-51.039135182431416
2002-04-19,19.3844523962941,-34.07762364163784,9.263598472694714,-51.561392500228706
2002-04-20,19.058162978495385,-34.72785811084285,10.504517289925024,-52.39195861831271
2002-04-21,19.13727625927458,-34.21439279086786,11.458344331478763,-51.818350251569285
2002-04-22,18.851781334355916,-33.682476880606686,11.472935403479996,-53.62413545696473
2002-04-23,17.353222530510536,-33.652716902856604,12.11694802344638,-53.80286699794413
2002-04-24,17.14610603383951,-32.54818061051535,9.286491000359607,-52.20716359845122
2002-04-25,15.50843143579702,-31.071752273753606,9.920191777102042,-51.39065868893378
2002-04-26,13.602002097960844,-31.60369286588353,10.087380612877183,-51.725029286511536
2002-04-27,13.034303195390107,-32.731665339088,11.035327761216777,-50.95165478199847
2002-04-28,12.635970576011147,-30.861692697030172,10.379752006149777,-50.38974480645579
2002-04-29,14.612912886668708,-31.392864281950523,8.585665939345233,-49.64659121829934
2002-04-30,13.786792271474306,-29.80458987573606,8.519727536250578,-50.463449904856525
2002-05-01,13.355824816574323,-29.969673311196697,10.46398541220847,-50.11875078447948
2002-05-02,12.299300083016718,-29.62740997778276,10.943629593242974,-49.008410936282004
2002-05-03,12.51671473265091,-30.361026177658132,9.789182032189451,-48.102634040761494
2002-05-04,13.14713708740356,-29.10456396033199,9.973799879172336,-48.5653699701228
2002-05-05,12.51129912751666,-28.289992596808062,8.792398971989119,-49.65087887629846
2002-05-06,12.4354647857815,-28.533759856952816,7.49354270207491,-49.08890903525767
2002-05-07,11.83528222667876,-29.46002100098937,7.4553383696836555,-49.32294941426488
2002-05-08,11.698170647966068,-31.309047242234954,8.739924097529558,-50.06557511769186
2002-05-09,12.448841791313548,-30.49941614308515,10.326008286359567,-48.42847145642669
2002-05-10,14.686591601032246,-29.33645944091547,11.336489220339727,-49.41869947335922
2002-05-11,15.874577993969002,-28.542662341433214,12.272927095339444,-49.584120964397954
2002-05-12,17.01099938182719,-27.65690316804064,13.245265182299235,-50.94738909435607
2002-05-13,16.664600781742596,-26.2163017865069,12.76240011374341,-50.222374843679454
2002-05-14,18.007535417011468,-25.609821738147357,11.416212004595693,-50.65865055960633
2002-05-15,16.678957013428995,-24.78441422215467,11.125242268064802,-51.49901926418859
2002-05-16,17.254869797475365,-23.20601811996524,12.166202759868193,-51.10076798621678
2002-05-17,15.86507970791023,-23.681102401006953,13.079159114908938,-51.53672994568323
2002-05-18,16.29745791901288,-24.073384165969163,13.18479823137115,-53.33304757569579
2002-05-19,16.489886528355274,-24.06579510242264,14.21739889532464,-52.437125626437656
2002-05-20,14.941703956404341,-24.91095950777189,13.689632743048582,-51.59174218011582
2002-05-21,14.808238945541971,-25.765518376597885,13.97330111664275,-52.64179822469704
2002-05-22,15.942690058199739,-27.091344981087133,13.716988638144693,-53.11046103345766
2002-05-23,15.966912361952033,-26.637840665800017,14.0727466667193,-53.082042117470515
2002-05-24,18.11536017834672,-26.284693381097746,14.17105411438854,-53.529895338717004
2002-05-25,17.67603965445025,-27.687511271598492,13.786785186088153,-53.93571494709478
2002-05-26,19.085909757138598,-27.609998012209353,15.740257886297782,-54.88379945383547
2002-05-27,20.48730577335874,-28.215295568420565,13.312620950771292,-54.89197720814026
2002-05-28,19.88194342188776,-26.409554025337762,14.98941415759134,-56.1669392743202
2002-05-29,20.2461103224067,-26.954611366631696,15.376307978628272,-56.51041351094644
2002-05-30,20.676188954474146,-27.08509465312108,13.413549276806197,-57.79955573642613
2002-05-31,21.60138329296878,-25.565219530409173,13.306253657675661,-57.47213178682214
2002-06-01,23.0595001598946,-24.507711248461707,13.851467149982412,-57.464713873665126
2002-06-02,23.005472604470853,-25.302108305301687,14.281746297290816,-56.89836222218244
2002-06-03,22.504083024331653,-24.389856893775317,13.138551760056744,-58.230981487604865
2002-06-04,23.104651064517554,-23.88369064421379,12.29086380812129,-59.91041710987483
2002-06-05,22.83063233226855,-24.684879373436488,12.931799005739077,-59.2807318166724
2002-06-06,23.054489176757855,-22.770519475669243,13.162780788403944,-59.7643052806002
2002-06-07,22.48758881777002,-24.175585849487053,12.803114538866268,-58.97871297265875
2002-06-08,21.539483086515375,-22.997603948660768,12.332513676869858,-59.03366928307511
2002-06-09,21.653974522909877,-23.56392640378275,14.10993100328954,-59.24624518828587
2002-06-10,22.090905087604852,-22.15118699363752,13.972411731634033,-59.27198345212781
2002-06-11,21.8271999199439,-23.064473551999612,14.855162960983971,-59.488323494663014
2002-06-12,20.925500730311406,-22.821896237095117,12.780683235759335,-60.64122877843292
2002-06-13,21.887530326795844,-21.476000899927058,13.962336318368008,-60.20723091041721
2002-06-14,21.782075037311145,-23.215441501884797,13.648675774422252,-62.14980981624029
2002-06-15,19.899289482168342,-23.608230673212706,13.396517388021609,-60.39927779285959
2002-06-16,21.429882917704266,-23.485323474726606,15.087711470813675,-59.60679592692474
2002-06-17,21.912074516438622,-23.440120214062464,16.738459821801495,-58.66815311476079
2002-06-18,21.814048609832945,-22.10989891405078,16.456389479564297,-56.96409032255476
2002-06-19,21.14750618102425,-22.49781933477678,14.867716052145811,-55.59378086740065
2002-06-20,21.1857440642521,-22.750433665979553,13.768377193275285,-54.60965335093799
2002-06-21,21.067890303131946,-23.11303188449203,14.397996602240896,-54.038981371355746
2002-06-22,21.292089663825582,-23.952975214696604,14.512345098589488,-53.83504039893728
2002-06-23,22.1416166058545,-24.175792494079495,14.613649910297593,-52.628718217625064
2002-06-24,22.516640534288708,-25.869970175147753,13.970755982182705,-54.851564132327766
2002-06-25,24.003516355608184,-26.218050655709703,14.602805441854075,-55.72196119301514
2002-06-26,24.73875439787724,-26.535424713087775,13.496820979738771,-56.28503890698246
2002-06-27,24.300754410822982,-27.958414445710343,13.227965502970553,-55.00107035417332
2002-06-28,23.245410893229725,-27.39330062258076,14.416096377294366,-55.73954823805445
2002-06-29,24.916707795139306,-26.577267761442098,14.701270820130967,-57.46467145012737
2002-06-30,24.881504312240082,-28.53998249538248,14.513552531420382,-57.0322762969153
2002-07-01,25.722359620258246,-28.031275980048825,13.833001178440913,-58.042176885441705
2002-07-02,25.93844387830415,-27.91453216150858,12.889416107756544,-57.494083962294965
2002-07-03,27.18117702284957,-26.40950304506573,12.707407499395373,-58.089386660663266
2002-07-04,26.014989984900332,-27.149081742666734,11.218822950147311,-58.48708386004311
2002-07-05,25.851241343060472,-28.132384717591698,10.710013703966258,-60.377990150789756
2002-07-06,24.679468590889535,-25.997240801011365,9.395301264415945,-58.19082597323189
2002-07-07,25.283703614189253,-26.81447157853299,9.955157667107326,-58.57374048489007
2002-07-08,25.190013224484925,-25.883632264883435,10.563511822724287,-58.89435563743969
2002-07-09,24.76356770098805,-23.465739474894292,10.222787348459267,-56.73710251007843
2002-07-10,24.97798441868079,-23.52024332378182,12.037128957334627,-56.67758843277316
2002-07-11,25.01990530987123,-25.091574622781195,13.881053072600844,-57.914405840474004
2002-07-12,25.341335997351536,-24.763036958678654,12.721582945919563,-58.18935696659812
2002-07-13,24.104424058991835,-24.591929433573842,13.369201647470023,-57.61765474142426
2002-07-14,24.894428856442115,-23.858015103556856,14.824166770826825,-58.756110079546346
2002-07-15,24.350337179215444,-23.786177494266344,15.970815865331659,-58.94551428783564
2002-07-16,23.5818556043699,-23.04325955582614,15.983009125284052,-59.89043228065606
2002-07-17,23.435595251290387,-22.281021323174397,16.97363437314066,-58.18658607768669
2002-07-18,23.783347818849858,-23.24436205564682,17.679639996233014,-58.43086116684609
2002-07-19,22.55442136772465,-23.719972335749553,18.033397714319648,-58.79060690201115
2002-07-20,21.618418092090163,-24.47642488676996,19.158444956084008,-59.89491874952217
2002-07-21,21.158773265276622,-24.042053051992216,20.592912782910958,-60.13703256476691
2002-07-22,21.245746694421857,-25.0305270048339,19.266868846842176,-60.74215697241608
2002-07-23,19.617996538561627,-24.995553741696355,18.506067961433203,-59.42291047016012
2002-07-24,17.9167672424209,-25.123750519572077,19.030528763187366,-60.01797767632234
2002-07-25,17.749936818240883,-26.082616212709965,17.01778788592048,-59.098255389225685
2002-07-26,17.973658592917765,-26.210682545568908,16.79991075309507,-58.7830414579261
2002-07-27,18.227677864239645,-26.14401048372703,16.408687806112663,-58.84422511833003
2002-07-28,18.211708951799448,-26.469793387558155,15.561027161994938,-58.350517666104594
2002-07-29,17.56576993162524,-25.567037420149312,16.767408960934983,-58.50000274432892
2002-07-30,20.405143219199392,-25.81145922508662,16.743871228012985,-57.81626914244327
2002-07-31,19.1427686353666,-24.48295299332549,18.62504664829964,-57.01634064671157
2002-08-01,20.51642006293059,-24.773607122174926,17.50281977434415,-56.28211553824682
2002-08-02,20.84306190873511,-24.83655808174711,16.182806984985405,-55.72542559572662
2002-08-03,21.286929754267728,-23.775890594080124,15.483912228583316,-56.322455963629196
2002-08-04,21.815277582727592,-24.061766135684344,16.90528249050666,-55.24078982395833
2002-08-05,24.62183634064028,-23.157036771098294,16.675059383828557,-53.99432762345085
2002-08-06,23.712060689367636,-22.59988900832892,17.171063108493954,-54.856669356570286
2002-08-07,24.74761409752377,-21.81743165571,15.884661597898246,-54.128870681966944
2002-08-08,23.65318600959236,-22.61730572625538,17.064996793930565,-53.54223662898469
2002-08-09,24.88309529333364,-22.474053851488318,17.40303403006537,-52.94455692368983
2002-08-10,26.136198369342946,-20.35200007687094,18.050080535328846,-52.78011847043155
2002-08-11,26.40020084946171,-19.535383867525198,19.00832481600627,-53.2303802179917
2002-08-12,27.35000583588337,-19.954100903094872,19.250428262673893,-53.715304743755624
2002-08-13,28.42140964709918,-21.220305330154265,19.991232386791626,-55.07111726303898
2002-08-14,28.402205428576625,-21.386563581135288,20.180216385511855,-53.299211455158606
2002-08-15,25.731947129533324,-21.661105823122146,20.141102373479786,-53.63987229339623
2002-08-16,25.68644948376131,-21.69307761131029,18.4696830098454,-53.86825236804135
2002-08-17,25.734479896961076,-22.23361695939292,18.4809437443019,-53.048022243331935
2002-08-18,26.188498974809164,-21.2668469022456,17.165919811290216,-54.0893074113715
2002-08-19,25.7588106702197,-22.0509850735974,17.691178924625362,-52.47586667450708
2002-08-20,25.627691270349498,-21.5983076940951,17.670177910676372,-51.28420385715747
2002-08-21,25.39220472370171,-18.785285756017483,17.654019157444527,-51.0706656413606
2002-08-22,25.59985601198265,-17.522048431865905,18.01972760316243,-52.49986111183953
2002-08-23,26.351909800678765,-19.225375787303996,17.41807610678272,-52.40237240029932
2002-08-24,25.910347025197407,-20.15810391793031,17.40818597363482,-52.34958765887902
2002-08-25,25.12163992039914,-18.893351194165746,17.22620583994564,-52.827948699760725
2002-08-26,25.90982373311492,-17.782486972562538,18.001511086105378,-52.360143305638275
2002-08-27,26.249704991696785,-18.48335413113357,17.968573361662457,-52.70982203709757
2002-08-28,27.398834619619638,-17.326060576763208,18.406572729957574,-53.185576944787016
2002-08-29,29.32214047009532,-17.28623851699297,16.430809168484803,-53.607201061754445
2002-08-30,28.275762906436068,-15.484988054161569,15.116521625422866,-54.39199424326972
2002-08-31,28.600887360497225,-15.885758229051818,15.522148629420682,-54.00388183383715
2002-09-01,28.42338772696477,-15.379483429717823,14.768506042739274,-54.392925654702545
2002-09-02,28.040673740557146,-15.01021858638578,15.70277808135706,-54.425080294458446
2002-09-03,26.292772882213516,-13.135522869844875,16.730793473924702,-53.78783577632382
2002-09-04,25.53813539964508,-14.865602251061958,14.577185808017612,-52.87937517693534
2002-09-05,26.572826995413816,-15.433066646086242,15.053839772137097,-52.573459185090336
2002-09-06,25.351315068256984,-16.880484346114045,13.889548203495087,-52.21908514192434
2002-09-07,25.07187984432025,-16.720133988634903,13.332420162600108,-50.56854004372638
2002-09-08,25.476788081379,-16.247748749230254,13.317642134724295,-50.496998453385594
2002-09-09,25.835640561644855,-15.36189018866432,15.084865869918584,-51.19701162975178
2002-09-10,26.50253534048106,-15.73496977907409,16.217087712826668,-49.311168189657394
2002-09-11,25.836174155697105,-15.983436845412994,15.126879958317192,-49.08070911922065
2002-09-12,26.219498719973423,-13.922566524559354,14.368034158157222,-49.31061018441474
2002-09-13,26.89799229416043,-13.434929650344,12.649540725024087,-49.64250641041443
2002-09-14,27.798644873656116,-13.255812534963122,11.904517397398282,-49.63211348526413
2002-09-15,27.86599955755434,-15.790371760758338,12.060964776412709,-47.97317427966799
2002-09-16,26.825273806378135,-15.86591375456994,11.1189757825009,-47.477560718303636
2002-09-17,26.427953221124422,-15.170380741708067,12.189046680499345,-47.073225117091724
2002-09-18,27.152895388711602,-17.00088949761592,12.039126652334048,-48.34075952032862
2002-09-19,27.236894339202287,-19.31415412962898,13.33717536846134,-46.4838611975024
2002-09-20,27.926300528706186,-21.057311328657132,14.101527918653291,-46.834789967674936
2002-09-21,28.591032165248,-20.84428005550761,12.717514155387036,-48.31890632248024
2002-09-22,29.002374092118686,-20.569004992290818,12.654644197414031,-49.12737697286758
2002-09-23,26.991019739907166,-18.358444924981363,14.778593766200233,-47.51139169992881
2002-09-24,26.727719943755545,-17.977100544394784,15.225004044080706,-46.95661078525147
2002-09-25,27.247107667863776,-18.794131828871205,16.567805708139367,-45.900384982729484
2002-09-26,27.523916388696037,-19.54848680022326,17.44064983445284,-46.39613563410585
